{"cameraMode":{"drawMode":0,"name":"Shaded","section":"Shading Mode"},"sceneLighting":true,"audioPlay":false,"sceneViewState":{"showFog":true,"showMaterialUpdate":false,"showSkybox":true,"showFlares":true,"showImageEffects":true,"showParticleSystems":true},"in2DMode":false,"pivot":{"x":-0.21601280570030213,"y":-0.027402203530073167,"z":-0.0457039549946785},"rotation":{"x":-0.10648022592067719,"y":-0.11607997864484787,"z":-0.012393925338983536,"w":0.9875003695487976},"size":0.08315456658601761,"orthographic":true}